track_id,person_id,first_seen_iso,last_seen_iso,duration_sec,active
4294967296,2,2025-11-17T13:10:43.327255,2025-11-17T13:10:43.327255,0.00,False
2249479069728,3,2025-11-17T13:10:43.327255,2025-11-17T13:10:43.327255,0.00,False
0,,2025-11-17T13:10:43.327255,2025-11-17T13:10:43.327255,0.00,False
140728890824840,1,2025-11-17T13:10:43.327255,2025-11-17T13:10:43.327255,0.00,False
2249479239472,,2025-11-17T13:10:43.327255,2025-11-17T13:10:43.327255,0.00,False
2,1,2025-11-17T13:10:43.654363,2025-11-17T13:10:43.654363,0.00,False
13,,2025-11-17T13:10:43.654363,2025-11-17T13:10:43.891145,0.24,False
16,1,2025-11-17T13:10:44.117606,2025-11-17T13:10:48.293812,4.18,False
25,5,2025-11-17T13:10:46.152399,2025-11-17T13:10:48.293812,2.14,False
7,,2025-11-17T13:10:43.654363,2025-11-17T13:10:49.287865,5.63,False
23,4,2025-11-17T13:10:44.894311,2025-11-17T13:10:55.262085,10.37,False
55,7,2025-11-17T13:11:06.547090,2025-11-17T13:11:07.065016,0.52,False
42,,2025-11-17T13:10:51.501290,2025-11-17T13:11:07.984500,16.48,False
5,2,2025-11-17T13:10:43.654363,2025-11-17T13:11:12.362206,28.71,False
6,6,2025-11-17T13:10:43.654363,2025-11-17T13:11:12.594377,28.94,False
69,9,2025-11-17T13:11:20.076230,2025-11-17T13:11:20.335943,0.26,False
15,4,2025-11-17T13:11:26.346718,2025-11-17T13:11:26.346718,0.00,False
58,6,2025-11-17T13:11:08.816791,2025-11-17T13:11:28.050086,19.23,False
75,,2025-11-17T13:11:28.544792,2025-11-17T13:12:02.881493,34.34,False
115,,2025-11-17T13:12:07.278125,2025-11-17T13:12:07.278125,0.00,False
10,1,2025-11-17T13:10:43.654363,2025-11-17T13:12:08.934337,85.28,False
118,1,2025-11-17T13:12:09.363207,2025-11-17T13:12:09.597541,0.23,False
122,1,2025-11-17T13:12:12.051347,2025-11-17T13:12:12.279240,0.23,False
141,,2025-11-17T13:12:26.668294,2025-11-17T13:12:26.984873,0.32,False
146,6,2025-11-17T13:12:28.691655,2025-11-17T13:12:30.933480,2.24,False
145,,2025-11-17T13:12:28.103891,2025-11-17T13:12:31.513747,3.41,False
141,6,2025-11-17T13:12:31.830279,2025-11-17T13:12:32.120327,0.29,False
158,,2025-11-17T13:12:43.060037,2025-11-17T13:12:43.711702,0.65,False
135,10,2025-11-17T13:12:24.547377,2025-11-17T13:12:44.857751,20.31,False
159,1,2025-11-17T13:12:43.360462,2025-11-17T13:12:44.857751,1.50,False
160,,2025-11-17T13:12:45.760200,2025-11-17T13:12:45.760200,0.00,False
161,,2025-11-17T13:12:46.615103,2025-11-17T13:12:48.446275,1.83,False
153,6,2025-11-17T13:12:32.696115,2025-11-17T13:12:50.859125,18.16,False
174,6,2025-11-17T13:12:53.127075,2025-11-17T13:12:53.127075,0.00,False
114,7,2025-11-17T13:12:05.375359,2025-11-17T13:12:55.509895,50.13,False
130,9,2025-11-17T13:12:55.146703,2025-11-17T13:12:55.509895,0.36,False
112,,2025-11-17T13:12:56.141194,2025-11-17T13:12:57.143800,1.00,False
179,6,2025-11-17T13:12:54.529897,2025-11-17T13:13:00.133014,5.60,False
158,,2025-11-17T13:12:53.127075,2025-11-17T13:13:03.530535,10.40,False
114,7,2025-11-17T13:13:03.846260,2025-11-17T13:13:20.799467,16.95,False
114,7,2025-11-17T13:13:25.507769,2025-11-17T13:13:26.154622,0.65,False
205,11,2025-11-17T13:13:24.251293,2025-11-17T13:13:26.793689,2.54,False
135,10,2025-11-17T13:12:48.719549,2025-11-17T13:13:41.370677,52.65,False
207,,2025-11-17T13:13:58.187041,2025-11-17T13:13:58.847744,0.66,False
63,8,2025-11-17T13:11:13.211509,2025-11-17T13:14:03.639335,170.43,False
226,,2025-11-17T13:14:03.639335,2025-11-17T13:14:03.639335,0.00,False
63,8,2025-11-17T13:14:09.355353,2025-11-17T13:14:10.831719,1.48,False
114,7,2025-11-17T13:13:36.544911,2025-11-17T13:14:22.535587,45.99,False
114,7,2025-11-17T13:14:31.719697,2025-11-17T13:14:31.719697,0.00,False
226,10,2025-11-17T13:14:19.591793,2025-11-17T13:14:36.160708,16.57,False
114,7,2025-11-17T13:14:40.630791,2025-11-17T13:14:53.084906,12.45,False
249,7,2025-11-17T13:14:54.240390,2025-11-17T13:15:04.728867,10.49,False
114,7,2025-11-17T13:15:05.423406,2025-11-17T13:15:05.423406,0.00,False
262,7,2025-11-17T13:15:12.148777,2025-11-17T13:15:19.853095,7.70,False
114,8,2025-11-17T13:15:13.620711,2025-11-17T13:15:20.449814,6.83,False
249,7,2025-11-17T13:15:20.988853,2025-11-17T13:15:20.988853,0.00,False
266,,2025-11-17T13:15:23.044771,2025-11-17T13:15:23.044771,0.00,False
114,7,2025-11-17T13:15:25.690777,2025-11-17T13:15:27.789208,2.10,False
266,,2025-11-17T13:15:28.588526,2025-11-17T13:15:31.954467,3.37,False
114,7,2025-11-17T13:15:34.138987,2025-11-17T13:15:43.980458,9.84,False
232,12,2025-11-17T13:15:01.955917,2025-11-17T13:15:46.450094,44.49,False
272,13,2025-11-17T13:15:40.004849,2025-11-17T13:15:47.884360,7.88,False
279,2,2025-11-17T13:15:47.884360,2025-11-17T13:15:54.974385,7.09,False
232,12,2025-11-17T13:15:57.573909,2025-11-17T13:15:58.218061,0.64,False
294,14,2025-11-17T13:16:21.220523,2025-11-17T13:16:21.948116,0.73,False
282,7,2025-11-17T13:15:52.378743,2025-11-17T13:16:23.339869,30.96,False
294,14,2025-11-17T13:16:37.731434,2025-11-17T13:16:37.731434,0.00,False
294,14,2025-11-17T13:16:46.756198,2025-11-17T13:16:48.878513,2.12,False
302,6,2025-11-17T13:16:44.431915,2025-11-17T13:16:52.633254,8.20,False
302,6,2025-11-17T13:16:57.638548,2025-11-17T13:16:57.638548,0.00,False
324,15,2025-11-17T13:16:59.621520,2025-11-17T13:17:02.007550,2.39,False
63,8,2025-11-17T13:14:17.958891,2025-11-17T13:17:06.508659,168.55,False
324,15,2025-11-17T13:17:19.167464,2025-11-17T13:17:20.635297,1.47,False
63,8,2025-11-17T13:17:21.337876,2025-11-17T13:17:22.741338,1.40,False
331,8,2025-11-17T13:17:14.648241,2025-11-17T13:17:23.486016,8.84,False
331,8,2025-11-17T13:17:33.741251,2025-11-17T13:17:34.461854,0.72,False
345,7,2025-11-17T13:17:36.535186,2025-11-17T13:17:39.831843,3.30,False
345,7,2025-11-17T13:17:51.900483,2025-11-17T13:17:51.900483,0.00,False
63,8,2025-11-17T13:17:35.179383,2025-11-17T13:18:11.404826,36.23,False
353,15,2025-11-17T13:18:17.513113,2025-11-17T13:18:19.190317,1.68,False
63,8,2025-11-17T13:18:20.012748,2025-11-17T13:18:24.145629,4.13,False
63,8,2025-11-17T13:18:28.067046,2025-11-17T13:18:28.067046,0.00,False
207,14,2025-11-17T13:17:55.041576,2025-11-17T13:18:26.608790,31.57,False
63,8,2025-11-17T13:18:33.262760,2025-11-17T13:18:34.717038,1.45,False
353,15,2025-11-17T13:18:24.961907,2025-11-17T13:18:37.701117,12.74,False
63,8,2025-11-17T13:18:40.378741,2025-11-17T13:18:40.378741,0.00,False
357,1,2025-11-17T13:18:38.426094,2025-11-17T13:18:42.301800,3.88,False
368,6,2025-11-17T13:18:44.165097,2025-11-17T13:18:48.643473,4.48,False
302,6,2025-11-17T13:17:07.096886,2025-11-17T13:18:49.364904,102.27,False
397,,2025-11-17T13:19:09.973797,2025-11-17T13:19:10.705856,0.73,False
10,1,2025-11-17T13:12:12.498803,2025-11-17T13:19:14.183387,421.68,False
393,16,2025-11-17T13:19:18.471940,2025-11-17T13:19:18.471940,0.00,False
391,6,2025-11-17T13:18:58.581422,2025-11-17T13:19:23.341670,24.76,False
10,1,2025-11-17T13:19:24.669364,2025-11-17T13:19:25.418962,0.75,False
391,6,2025-11-17T13:19:27.500363,2025-11-17T13:19:27.500363,0.00,False
417,15,2025-11-17T13:19:26.813931,2025-11-17T13:19:28.999301,2.19,False
417,15,2025-11-17T13:19:32.794780,2025-11-17T13:19:32.794780,0.00,False
393,16,2025-11-17T13:19:41.962242,2025-11-17T13:19:42.718664,0.76,False
395,1,2025-11-17T13:19:29.684627,2025-11-17T13:19:45.029593,15.34,False
395,1,2025-11-17T13:19:51.325526,2025-11-17T13:19:51.325526,0.00,False
425,15,2025-11-17T13:19:48.420218,2025-11-17T13:19:55.838903,7.42,False
395,1,2025-11-17T13:19:56.603338,2025-11-17T13:19:58.945672,2.34,False
425,15,2025-11-17T13:19:59.704016,2025-11-17T13:19:59.704016,0.00,False
418,,2025-11-17T13:20:07.087517,2025-11-17T13:20:07.087517,0.00,False
395,1,2025-11-17T13:20:03.459816,2025-11-17T13:20:07.866132,4.41,False
433,11,2025-11-17T13:20:07.866132,2025-11-17T13:20:08.694622,0.83,False
446,,2025-11-17T13:20:17.318339,2025-11-17T13:20:17.318339,0.00,False
63,8,2025-11-17T13:18:44.165097,2025-11-17T13:20:29.434602,105.27,False
446,,2025-11-17T13:20:30.153999,2025-11-17T13:20:30.153999,0.00,False
452,,2025-11-17T13:20:32.237613,2025-11-17T13:20:43.216340,10.98,False
432,5,2025-11-17T13:20:18.081049,2025-11-17T13:20:52.215936,34.13,False
63,8,2025-11-17T13:20:52.935675,2025-11-17T13:20:53.687077,0.75,False
452,5,2025-11-17T13:20:52.935675,2025-11-17T13:21:54.727696,61.79,False
474,,2025-11-17T13:21:44.144139,2025-11-17T13:21:54.727696,10.58,False
476,5,2025-11-17T13:21:53.907322,2025-11-17T13:22:03.356632,9.45,False
452,5,2025-11-17T13:22:04.919027,2025-11-17T13:22:14.639898,9.72,False
474,,2025-11-17T13:22:04.919027,2025-11-17T13:22:14.639898,9.72,False
479,17,2025-11-17T13:22:03.356632,2025-11-17T13:22:17.828354,14.47,False
452,5,2025-11-17T13:22:21.091105,2025-11-17T13:22:25.577342,4.49,False
474,5,2025-11-17T13:22:21.091105,2025-11-17T13:22:29.309621,8.22,False
483,,2025-11-17T13:22:27.669790,2025-11-17T13:22:30.748075,3.08,False
474,5,2025-11-17T13:22:35.747325,2025-11-17T13:22:35.747325,0.00,False
497,5,2025-11-17T13:22:34.141616,2025-11-17T13:22:38.559456,4.42,False
460,16,2025-11-17T13:22:36.594993,2025-11-17T13:22:41.293692,4.70,False
474,5,2025-11-17T13:22:45.650303,2025-11-17T13:22:45.650303,0.00,False
483,,2025-11-17T13:22:42.887945,2025-11-17T13:22:48.232046,5.34,False
497,,2025-11-17T13:22:49.285804,2025-11-17T13:22:49.285804,0.00,False
474,,2025-11-17T13:22:50.358358,2025-11-17T13:22:50.358358,0.00,False
528,,2025-11-17T13:22:52.371735,2025-11-17T13:22:52.371735,0.00,False
1,6,2025-11-17T13:22:42.887945,2025-11-17T13:22:57.736664,14.85,False
490,,2025-11-17T13:23:10.558037,2025-11-17T13:23:11.688987,1.13,False
547,,2025-11-17T13:23:13.826384,2025-11-17T13:23:13.826384,0.00,False
551,,2025-11-17T13:23:28.701320,2025-11-17T13:23:29.913401,1.21,False
543,15,2025-11-17T13:23:09.409927,2025-11-17T13:23:41.132847,31.72,False
460,16,2025-11-17T13:22:51.350089,2025-11-17T13:23:42.304333,50.95,False
497,8,2025-11-17T13:22:54.324844,2025-11-17T13:23:48.008922,53.68,False
459,11,2025-11-17T13:20:55.512904,2025-11-17T13:23:50.371902,174.86,False
460,16,2025-11-17T13:23:49.180573,2025-11-17T13:23:50.371902,1.19,False
543,15,2025-11-17T13:23:45.348071,2025-11-17T13:23:50.371902,5.02,False
551,6,2025-11-17T13:23:34.026362,2025-11-17T13:23:53.208777,19.18,False
573,,2025-11-17T13:23:54.984810,2025-11-17T13:23:54.984810,0.00,False
575,6,2025-11-17T13:23:54.984810,2025-11-17T13:23:54.984810,0.00,False
497,8,2025-11-17T13:23:54.113982,2025-11-17T13:23:57.398734,3.28,False
551,6,2025-11-17T13:23:58.312238,2025-11-17T13:23:58.312238,0.00,False
581,,2025-11-17T13:23:58.312238,2025-11-17T13:23:58.312238,0.00,False
537,,2025-11-17T13:23:59.273343,2025-11-17T13:23:59.273343,0.00,False
495,5,2025-11-17T13:22:33.400228,2025-11-17T13:24:00.393804,86.99,False
543,15,2025-11-17T13:23:54.984810,2025-11-17T13:24:00.393804,5.41,False
587,,2025-11-17T13:23:59.273343,2025-11-17T13:24:00.393804,1.12,False
544,,2025-11-17T13:24:00.393804,2025-11-17T13:24:00.393804,0.00,False
591,18,2025-11-17T13:24:02.656051,2025-11-17T13:24:03.518284,0.86,False
598,19,2025-11-17T13:24:04.568108,2025-11-17T13:24:04.568108,0.00,False
537,8,2025-11-17T13:24:03.518284,2025-11-17T13:24:05.651649,2.13,False
595,1,2025-11-17T13:24:03.518284,2025-11-17T13:24:06.664115,3.15,False
497,8,2025-11-17T13:24:06.664115,2025-11-17T13:24:07.637380,0.97,False
4,3,2025-11-17T13:10:43.654363,2025-11-17T13:24:08.615101,804.96,False
357,12,2025-11-17T13:19:04.633131,2025-11-17T13:24:11.863192,307.23,False
495,5,2025-11-17T13:24:11.863192,2025-11-17T13:24:13.140183,1.28,False
543,15,2025-11-17T13:24:08.615101,2025-11-17T13:24:13.140183,4.53,False
630,,2025-11-17T13:24:15.210102,2025-11-17T13:24:15.210102,0.00,False
4,3,2025-11-17T13:24:14.158881,2025-11-17T13:24:19.108719,4.95,False
564,16,2025-11-17T13:23:51.525333,2025-11-17T13:24:20.345079,28.82,False
636,5,2025-11-17T13:24:19.108719,2025-11-17T13:24:21.489895,2.38,False
645,8,2025-11-17T13:24:22.499320,2025-11-17T13:24:26.199149,3.70,False
573,,2025-11-17T13:24:28.065669,2025-11-17T13:24:28.065669,0.00,False
630,,2025-11-17T13:24:30.015326,2025-11-17T13:24:30.015326,0.00,False
571,,2025-11-17T13:24:30.015326,2025-11-17T13:24:30.015326,0.00,False
575,6,2025-11-17T13:24:08.615101,2025-11-17T13:24:31.236817,22.62,False
649,,2025-11-17T13:24:31.236817,2025-11-17T13:24:31.236817,0.00,False
650,,2025-11-17T13:24:35.446182,2025-11-17T13:24:36.390208,0.94,False
649,,2025-11-17T13:24:49.170157,2025-11-17T13:24:49.170157,0.00,False
658,,2025-11-17T13:24:50.806435,2025-11-17T13:24:50.806435,0.00,False
630,,2025-11-17T13:24:57.100367,2025-11-17T13:24:57.100367,0.00,False
662,6,2025-11-17T13:24:57.100367,2025-11-17T13:24:58.914083,1.81,False
667,,2025-11-17T13:24:59.896169,2025-11-17T13:24:59.896169,0.00,False
668,,2025-11-17T13:25:00.858427,2025-11-17T13:25:00.858427,0.00,False
62,2,2025-11-17T13:11:11.864268,2025-11-17T13:25:13.302334,841.44,False
675,,2025-11-17T13:25:05.542606,2025-11-17T13:25:14.372421,8.83,False
648,21,2025-11-17T13:25:15.270922,2025-11-17T13:25:15.270922,0.00,False
658,6,2025-11-17T13:24:58.053399,2025-11-17T13:25:18.815173,20.76,False
683,2,2025-11-17T13:25:16.165249,2025-11-17T13:25:18.815173,2.65,False
628,20,2025-11-17T13:24:14.158881,2025-11-17T13:25:21.901851,67.74,False
662,6,2025-11-17T13:25:13.302334,2025-11-17T13:25:22.672529,9.37,False
62,,2025-11-17T13:25:20.898519,2025-11-17T13:25:24.541344,3.64,False
648,21,2025-11-17T13:25:20.898519,2025-11-17T13:25:24.541344,3.64,False
630,15,2025-11-17T13:25:22.672529,2025-11-17T13:25:28.285926,5.61,False
62,8,2025-11-17T13:25:30.803087,2025-11-17T13:25:30.803087,0.00,False
687,13,2025-11-17T13:25:35.587064,2025-11-17T13:25:35.587064,0.00,False
62,8,2025-11-17T13:25:37.553278,2025-11-17T13:25:38.794336,1.24,False
662,,2025-11-17T13:25:35.587064,2025-11-17T13:25:38.794336,3.21,False
648,21,2025-11-17T13:25:37.553278,2025-11-17T13:25:38.794336,1.24,False
648,21,2025-11-17T13:25:43.675305,2025-11-17T13:25:46.312881,2.64,False
686,6,2025-11-17T13:25:30.803087,2025-11-17T13:25:52.499054,21.70,False
675,8,2025-11-17T13:25:40.208080,2025-11-17T13:25:53.653877,13.45,False
681,,2025-11-17T13:25:12.206031,2025-11-17T13:25:54.715658,42.51,False
648,21,2025-11-17T13:25:55.635377,2025-11-17T13:25:55.635377,0.00,False
693,,2025-11-17T13:25:56.794444,2025-11-17T13:25:56.794444,0.00,False
62,8,2025-11-17T13:25:55.635377,2025-11-17T13:25:57.940345,2.30,False
683,2,2025-11-17T13:25:22.672529,2025-11-17T13:25:59.951865,37.28,False
687,13,2025-11-17T13:25:57.940345,2025-11-17T13:25:58.965087,1.02,False
648,21,2025-11-17T13:25:59.951865,2025-11-17T13:26:01.083683,1.13,False
686,6,2025-11-17T13:26:03.513142,2025-11-17T13:26:06.391872,2.88,False
675,8,2025-11-17T13:26:10.824232,2025-11-17T13:26:10.824232,0.00,False
62,8,2025-11-17T13:26:09.949174,2025-11-17T13:26:14.572522,4.62,False
62,8,2025-11-17T13:26:19.894507,2025-11-17T13:26:19.894507,0.00,False
687,,2025-11-17T13:26:21.997922,2025-11-17T13:26:21.997922,0.00,False
698,2,2025-11-17T13:26:11.590240,2025-11-17T13:26:26.191344,14.60,False
62,,2025-11-17T13:26:28.288833,2025-11-17T13:26:28.288833,0.00,False
609,1,2025-11-17T13:24:07.637380,2025-11-17T13:26:29.404713,141.77,False
662,13,2025-11-17T13:25:55.635377,2025-11-17T13:26:29.404713,33.77,False
698,2,2025-11-17T13:26:30.387465,2025-11-17T13:26:33.589227,3.20,False
675,,2025-11-17T13:26:30.387465,2025-11-17T13:26:39.934609,9.55,False
62,,2025-11-17T13:26:40.959169,2025-11-17T13:26:43.947480,2.99,False
686,6,2025-11-17T13:26:25.071001,2025-11-17T13:26:48.495166,23.42,False
62,,2025-11-17T13:26:57.741311,2025-11-17T13:26:57.741311,0.00,False
609,1,2025-11-17T13:26:39.934609,2025-11-17T13:26:57.741311,17.81,False
662,13,2025-11-17T13:26:40.959169,2025-11-17T13:26:57.741311,16.78,False
714,13,2025-11-17T13:27:11.838492,2025-11-17T13:27:11.838492,0.00,False
714,13,2025-11-17T13:27:25.484467,2025-11-17T13:27:25.484467,0.00,False
686,6,2025-11-17T13:26:55.771191,2025-11-17T13:27:38.425544,42.65,False
642,3,2025-11-17T13:24:27.122659,2025-11-17T13:27:41.896381,194.77,False
733,,2025-11-17T13:27:45.018840,2025-11-17T13:27:45.018840,0.00,False
737,3,2025-11-17T13:27:54.219075,2025-11-17T13:27:56.414217,2.20,False
727,1,2025-11-17T13:27:37.369366,2025-11-17T13:27:57.401667,20.03,False
738,,2025-11-17T13:27:59.291114,2025-11-17T13:28:00.220333,0.93,False
740,,2025-11-17T13:28:04.125279,2025-11-17T13:28:04.125279,0.00,False
738,8,2025-11-17T13:28:09.431420,2025-11-17T13:28:11.451143,2.02,False
733,,2025-11-17T13:28:16.718896,2025-11-17T13:28:16.718896,0.00,False
735,6,2025-11-17T13:27:50.245356,2025-11-17T13:28:19.200279,28.95,False
740,2,2025-11-17T13:28:21.545638,2025-11-17T13:28:26.632296,5.09,False
743,1,2025-11-17T13:28:21.545638,2025-11-17T13:28:34.274245,12.73,False
753,16,2025-11-17T13:28:34.274245,2025-11-17T13:28:40.010018,5.74,False
623,16,2025-11-17T13:24:11.863192,2025-11-17T13:28:40.936554,269.07,False
755,2,2025-11-17T13:28:42.618024,2025-11-17T13:28:45.576581,2.96,False
756,,2025-11-17T13:28:42.618024,2025-11-17T13:28:43.625826,1.01,False
735,6,2025-11-17T13:28:46.456355,2025-11-17T13:28:46.456355,0.00,False
755,2,2025-11-17T13:28:49.607938,2025-11-17T13:28:50.599070,0.99,False
735,6,2025-11-17T13:28:52.628508,2025-11-17T13:28:54.801180,2.17,False
755,2,2025-11-17T13:28:57.828136,2025-11-17T13:29:09.936217,12.11,False
623,16,2025-11-17T13:28:49.607938,2025-11-17T13:29:17.008339,27.40,False
623,16,2025-11-17T13:29:27.276365,2025-11-17T13:29:28.363612,1.09,False
623,16,2025-11-17T13:29:35.772309,2025-11-17T13:29:38.777988,3.01,False
762,5,2025-11-17T13:29:25.423510,2025-11-17T13:29:46.091117,20.67,False
754,18,2025-11-17T13:28:35.256131,2025-11-17T13:29:48.751604,73.50,False
771,1,2025-11-17T13:29:47.111518,2025-11-17T13:29:49.793454,2.68,False
772,,2025-11-17T13:29:50.718045,2025-11-17T13:29:55.385810,4.67,False
753,13,2025-11-17T13:28:51.620885,2025-11-17T13:29:57.183996,65.56,False
762,5,2025-11-17T13:29:56.316683,2025-11-17T13:30:00.587968,4.27,False
772,5,2025-11-17T13:30:01.596034,2025-11-17T13:30:04.113585,2.52,False
753,13,2025-11-17T13:30:05.023920,2025-11-17T13:30:08.676540,3.65,False
779,13,2025-11-17T13:30:08.676540,2025-11-17T13:30:09.793123,1.12,False
754,18,2025-11-17T13:29:54.365213,2025-11-17T13:30:14.566052,20.20,False
771,1,2025-11-17T13:30:13.641998,2025-11-17T13:30:14.566052,0.92,False
779,13,2025-11-17T13:30:14.566052,2025-11-17T13:30:14.566052,0.00,False
628,20,2025-11-17T13:25:36.608606,2025-11-17T13:30:21.532026,284.92,False
778,,2025-11-17T13:30:08.676540,2025-11-17T13:30:22.571325,13.89,False
762,5,2025-11-17T13:30:15.599670,2025-11-17T13:30:25.168033,9.57,False
753,13,2025-11-17T13:30:25.168033,2025-11-17T13:30:27.226525,2.06,False
794,3,2025-11-17T13:30:34.190400,2025-11-17T13:30:37.397616,3.21,False
778,,2025-11-17T13:30:39.402421,2025-11-17T13:30:39.402421,0.00,False
793,8,2025-11-17T13:30:31.721006,2025-11-17T13:30:40.354409,8.63,False
794,3,2025-11-17T13:30:42.264674,2025-11-17T13:30:43.121343,0.86,False
797,,2025-11-17T13:30:43.121343,2025-11-17T13:30:43.121343,0.00,False
799,13,2025-11-17T13:30:49.957785,2025-11-17T13:30:50.957142,1.00,False
797,8,2025-11-17T13:30:51.960115,2025-11-17T13:30:53.923731,1.96,False
675,8,2025-11-17T13:26:58.852038,2025-11-17T13:30:56.798364,237.95,False
794,3,2025-11-17T13:30:56.798364,2025-11-17T13:30:56.798364,0.00,False
788,1,2025-11-17T13:30:24.309096,2025-11-17T13:30:59.410833,35.10,False
801,1,2025-11-17T13:31:01.920537,2025-11-17T13:31:04.507678,2.59,False
778,,2025-11-17T13:30:46.643485,2025-11-17T13:31:06.468835,19.83,False
675,8,2025-11-17T13:31:07.235633,2025-11-17T13:31:07.970795,0.74,False
794,3,2025-11-17T13:31:11.298839,2025-11-17T13:31:11.298839,0.00,False
807,1,2025-11-17T13:31:12.256241,2025-11-17T13:31:12.256241,0.00,False
778,,2025-11-17T13:31:13.197517,2025-11-17T13:31:13.197517,0.00,False
808,1,2025-11-17T13:31:14.921874,2025-11-17T13:31:14.921874,0.00,False
808,1,2025-11-17T13:31:20.500273,2025-11-17T13:31:20.500273,0.00,False
809,,2025-11-17T13:31:20.500273,2025-11-17T13:31:26.256647,5.76,False
814,,2025-11-17T13:31:26.256647,2025-11-17T13:31:26.256647,0.00,False
807,1,2025-11-17T13:31:29.253079,2025-11-17T13:31:30.282045,1.03,False
799,13,2025-11-17T13:31:01.055307,2025-11-17T13:31:37.081680,36.03,False
797,8,2025-11-17T13:31:09.578648,2025-11-17T13:31:41.650273,32.07,False
808,1,2025-11-17T13:31:36.105271,2025-11-17T13:31:46.934685,10.83,False
818,3,2025-11-17T13:31:43.949216,2025-11-17T13:31:49.490799,5.54,False
809,8,2025-11-17T13:31:42.400138,2025-11-17T13:31:50.369579,7.97,False
807,1,2025-11-17T13:31:54.474634,2025-11-17T13:31:54.474634,0.00,False
808,1,2025-11-17T13:31:51.135466,2025-11-17T13:32:00.677107,9.54,False
809,8,2025-11-17T13:32:09.306602,2025-11-17T13:32:10.152439,0.85,False
818,3,2025-11-17T13:32:09.306602,2025-11-17T13:32:10.152439,0.85,False
823,,2025-11-17T13:32:13.743012,2025-11-17T13:32:14.862260,1.12,False
823,,2025-11-17T13:32:20.261395,2025-11-17T13:32:20.261395,0.00,False
808,1,2025-11-17T13:32:12.753405,2025-11-17T13:32:25.404089,12.65,False
799,13,2025-11-17T13:31:55.369949,2025-11-17T13:32:28.183483,32.81,False
797,8,2025-11-17T13:31:51.135466,2025-11-17T13:32:32.512768,41.38,False
681,2,2025-11-17T13:25:58.965087,2025-11-17T13:32:36.101565,397.14,False
831,13,2025-11-17T13:32:37.266486,2025-11-17T13:32:38.272612,1.01,False
828,3,2025-11-17T13:32:30.630695,2025-11-17T13:32:39.374139,8.74,False
808,1,2025-11-17T13:32:42.122431,2025-11-17T13:32:42.122431,0.00,False
830,16,2025-11-17T13:32:31.494061,2025-11-17T13:32:42.122431,10.63,False
818,,2025-11-17T13:32:42.122431,2025-11-17T13:32:44.010709,1.89,False
828,3,2025-11-17T13:32:44.010709,2025-11-17T13:32:52.202838,8.19,False
808,1,2025-11-17T13:33:02.229389,2025-11-17T13:33:02.229389,0.00,False
843,3,2025-11-17T13:32:59.465011,2025-11-17T13:33:01.526080,2.06,False
848,3,2025-11-17T13:33:07.469728,2025-11-17T13:33:08.685958,1.22,False
849,,2025-11-17T13:33:07.469728,2025-11-17T13:33:09.803669,2.33,False
823,2,2025-11-17T13:32:35.078595,2025-11-17T13:33:16.506024,41.43,False
818,20,2025-11-17T13:32:55.587922,2025-11-17T13:33:17.752454,22.16,False
852,20,2025-11-17T13:33:21.022690,2025-11-17T13:33:25.191946,4.17,False
852,20,2025-11-17T13:33:30.161260,2025-11-17T13:34:20.391459,50.23,False
809,8,2025-11-17T13:32:35.078595,2025-11-17T13:34:29.027793,113.95,False
809,8,2025-11-17T13:34:40.404902,2025-11-17T13:34:41.378272,0.97,False
855,20,2025-11-17T13:34:22.441352,2025-11-17T13:34:46.063115,23.62,False
852,20,2025-11-17T13:34:47.117185,2025-11-17T13:34:48.187123,1.07,False
860,,2025-11-17T13:35:09.706784,2025-11-17T13:35:09.706784,0.00,False
860,,2025-11-17T13:35:36.097520,2025-11-17T13:35:36.097520,0.00,False
860,,2025-11-17T13:35:54.351972,2025-11-17T13:35:54.351972,0.00,False
808,1,2025-11-17T13:33:09.803669,2025-11-17T13:36:02.376034,172.57,False
623,13,2025-11-17T13:29:49.793454,2025-11-17T13:36:06.481864,376.69,False
623,13,2025-11-17T13:36:12.233583,2025-11-17T13:36:17.904209,5.67,False
623,13,2025-11-17T13:36:23.761400,2025-11-17T13:36:44.230901,20.47,False
809,8,2025-11-17T13:34:46.063115,2025-11-17T13:36:52.991675,126.93,False
855,20,2025-11-17T13:34:50.847455,2025-11-17T13:37:23.128702,152.28,False
855,20,2025-11-17T13:37:29.036702,2025-11-17T13:37:31.202876,2.17,False
879,,2025-11-17T13:37:33.534139,2025-11-17T13:37:35.859399,2.33,False
830,16,2025-11-17T13:32:50.460943,2025-11-17T13:37:40.075607,289.61,False
855,20,2025-11-17T13:37:40.075607,2025-11-17T13:37:40.075607,0.00,False
754,18,2025-11-17T13:30:20.426582,2025-11-17T13:37:44.921928,444.50,False
808,1,2025-11-17T13:36:07.436709,2025-11-17T13:37:44.921928,97.49,False
830,16,2025-11-17T13:37:44.921928,2025-11-17T13:37:44.921928,0.00,False
879,,2025-11-17T13:37:43.946171,2025-11-17T13:37:46.039685,2.09,False
809,8,2025-11-17T13:36:58.809036,2025-11-17T13:37:48.991708,50.18,False
883,3,2025-11-17T13:37:47.866052,2025-11-17T13:37:48.991708,1.13,False
883,3,2025-11-17T13:37:53.748072,2025-11-17T13:38:00.470176,6.72,False
878,20,2025-11-17T13:37:30.076599,2025-11-17T13:38:03.964112,33.89,False
830,16,2025-11-17T13:38:02.785262,2025-11-17T13:38:13.766731,10.98,False
881,22,2025-11-17T13:37:42.971887,2025-11-17T13:38:17.281577,34.31,False
882,1,2025-11-17T13:37:47.866052,2025-11-17T13:38:18.383168,30.52,False
878,,2025-11-17T13:38:21.711315,2025-11-17T13:38:21.711315,0.00,False
855,20,2025-11-17T13:37:51.781075,2025-11-17T13:38:24.635595,32.85,False
878,,2025-11-17T13:38:26.299585,2025-11-17T13:38:26.299585,0.00,False
891,20,2025-11-17T13:38:27.195595,2025-11-17T13:38:27.195595,0.00,False
809,8,2025-11-17T13:37:53.748072,2025-11-17T13:38:36.144008,42.40,False
849,2,2025-11-17T13:33:15.273084,2025-11-17T13:38:36.144008,320.87,False
878,,2025-11-17T13:38:36.144008,2025-11-17T13:38:39.531175,3.39,False
855,20,2025-11-17T13:38:37.294503,2025-11-17T13:38:47.771192,10.48,False
809,,2025-11-17T13:38:48.779150,2025-11-17T13:38:51.614669,2.84,False
849,2,2025-11-17T13:38:48.779150,2025-11-17T13:38:51.614669,2.84,False
878,,2025-11-17T13:38:48.779150,2025-11-17T13:39:02.044932,13.27,False
809,,2025-11-17T13:39:06.175936,2025-11-17T13:39:06.175936,0.00,False
849,2,2025-11-17T13:39:06.175936,2025-11-17T13:39:06.175936,0.00,False
896,20,2025-11-17T13:39:08.068866,2025-11-17T13:39:13.043442,4.97,False
809,,2025-11-17T13:39:16.655866,2025-11-17T13:39:17.758759,1.10,False
849,2,2025-11-17T13:39:16.655866,2025-11-17T13:39:16.655866,0.00,False
809,,2025-11-17T13:39:27.014688,2025-11-17T13:39:27.014688,0.00,False
849,2,2025-11-17T13:39:27.014688,2025-11-17T13:39:27.014688,0.00,False
891,3,2025-11-17T13:38:37.294503,2025-11-17T13:39:32.794951,55.50,False
891,3,2025-11-17T13:39:37.105343,2025-11-17T13:39:42.094589,4.99,False
830,16,2025-11-17T13:38:18.383168,2025-11-17T13:39:47.962968,89.58,False
623,,2025-11-17T13:36:48.174483,2025-11-17T13:39:56.311162,188.14,False
901,,2025-11-17T13:40:02.187527,2025-11-17T13:40:02.187527,0.00,False
897,13,2025-11-17T13:39:40.976771,2025-11-17T13:40:08.865117,27.89,False
900,,2025-11-17T13:39:58.210763,2025-11-17T13:40:11.913339,13.70,False
901,16,2025-11-17T13:40:18.190501,2025-11-17T13:40:18.190501,0.00,False
902,,2025-11-17T13:40:19.117422,2025-11-17T13:40:19.117422,0.00,False
897,13,2025-11-17T13:40:16.080945,2025-11-17T13:40:21.813690,5.73,False
897,,2025-11-17T13:40:26.831570,2025-11-17T13:40:26.831570,0.00,False
891,3,2025-11-17T13:39:49.003112,2025-11-17T13:40:32.529934,43.53,False
896,20,2025-11-17T13:39:18.766303,2025-11-17T13:40:47.570226,88.80,False
896,,2025-11-17T13:40:52.439325,2025-11-17T13:40:52.439325,0.00,False
909,3,2025-11-17T13:40:40.898940,2025-11-17T13:41:09.769837,28.87,False
909,3,2025-11-17T13:41:15.315144,2025-11-17T13:41:17.809320,2.49,False
896,,2025-11-17T13:41:03.643665,2025-11-17T13:41:19.072417,15.43,False
912,6,2025-11-17T13:41:21.849456,2025-11-17T13:41:21.849456,0.00,False
910,2,2025-11-17T13:40:52.439325,2025-11-17T13:41:25.205747,32.77,False
623,13,2025-11-17T13:40:04.321258,2025-11-17T13:41:26.374193,82.05,False
912,6,2025-11-17T13:41:28.308210,2025-11-17T13:41:28.308210,0.00,False
909,3,2025-11-17T13:41:22.917944,2025-11-17T13:41:33.291722,10.37,False
830,16,2025-11-17T13:39:57.318109,2025-11-17T13:41:41.099210,103.78,False
892,8,2025-11-17T13:38:28.041588,2025-11-17T13:41:47.302126,199.26,False
896,2,2025-11-17T13:41:28.308210,2025-11-17T13:41:47.302126,18.99,False
909,3,2025-11-17T13:41:41.980914,2025-11-17T13:41:47.302126,5.32,False
912,6,2025-11-17T13:41:45.513720,2025-11-17T13:42:07.905785,22.39,False
623,13,2025-11-17T13:41:47.302126,2025-11-17T13:42:08.881333,21.58,False
910,2,2025-11-17T13:41:47.302126,2025-11-17T13:42:08.881333,21.58,False
924,13,2025-11-17T13:42:21.604343,2025-11-17T13:42:21.604343,0.00,False
896,2,2025-11-17T13:42:09.776309,2025-11-17T13:42:25.895371,16.12,False
754,18,2025-11-17T13:38:01.571277,2025-11-17T13:42:34.426879,272.86,False
925,,2025-11-17T13:42:24.744556,2025-11-17T13:42:34.426879,9.68,False
754,18,2025-11-17T13:42:39.251045,2025-11-17T13:42:39.251045,0.00,False
924,13,2025-11-17T13:42:34.426879,2025-11-17T13:42:38.264796,3.84,False
908,20,2025-11-17T13:40:38.851018,2025-11-17T13:42:45.637784,126.79,False
910,2,2025-11-17T13:42:27.013607,2025-11-17T13:42:45.637784,18.62,False
928,,2025-11-17T13:42:33.135013,2025-11-17T13:42:45.637784,12.50,False
896,2,2025-11-17T13:42:47.699697,2025-11-17T13:42:54.462723,6.76,False
912,,2025-11-17T13:42:39.251045,2025-11-17T13:42:58.732250,19.48,False
892,8,2025-11-17T13:42:09.776309,2025-11-17T13:43:07.617745,57.84,False
918,22,2025-11-17T13:41:51.314783,2025-11-17T13:43:07.617745,76.30,False
912,4,2025-11-17T13:43:10.631836,2025-11-17T13:43:10.631836,0.00,False
924,13,2025-11-17T13:42:59.945668,2025-11-17T13:43:14.465099,14.52,False
928,6,2025-11-17T13:42:56.461889,2025-11-17T13:43:14.465099,18.00,False
910,2,2025-11-17T13:42:55.469728,2025-11-17T13:43:16.476737,21.01,False
908,20,2025-11-17T13:42:49.808815,2025-11-17T13:43:23.194895,33.39,False
908,20,2025-11-17T13:43:27.592041,2025-11-17T13:43:27.592041,0.00,False
910,,2025-11-17T13:43:25.278801,2025-11-17T13:43:27.592041,2.31,False
896,2,2025-11-17T13:43:13.585472,2025-11-17T13:43:48.571129,34.99,False
910,20,2025-11-17T13:43:48.571129,2025-11-17T13:44:07.208686,18.64,False
923,6,2025-11-17T13:42:18.468225,2025-11-17T13:44:07.208686,108.74,False
910,20,2025-11-17T13:44:11.970780,2025-11-17T13:44:16.593177,4.62,False
939,,2025-11-17T13:43:31.628188,2025-11-17T13:44:19.023934,47.40,False
910,20,2025-11-17T13:44:22.940093,2025-11-17T13:44:22.940093,0.00,False
923,6,2025-11-17T13:44:20.158981,2025-11-17T13:44:22.940093,2.78,False
910,20,2025-11-17T13:44:27.991086,2025-11-17T13:44:29.014315,1.02,False
939,,2025-11-17T13:44:29.014315,2025-11-17T13:44:32.111415,3.10,False
939,6,2025-11-17T13:44:40.599995,2025-11-17T13:44:40.599995,0.00,False
896,2,2025-11-17T13:44:08.360664,2025-11-17T13:44:43.444214,35.08,False
896,2,2025-11-17T13:44:48.944824,2025-11-17T13:44:48.944824,0.00,False
948,6,2025-11-17T13:45:12.067713,2025-11-17T13:45:12.067713,0.00,False
948,6,2025-11-17T13:45:18.316268,2025-11-17T13:45:23.201383,4.89,False
910,20,2025-11-17T13:44:53.308977,2025-11-17T13:45:25.313005,32.00,False
948,6,2025-11-17T13:45:28.010752,2025-11-17T13:45:31.002456,2.99,False
948,6,2025-11-17T13:45:38.525391,2025-11-17T13:45:47.901835,9.38,False
948,6,2025-11-17T13:45:52.702766,2025-11-17T13:45:59.779665,7.08,False
948,6,2025-11-17T13:46:03.838553,2025-11-17T13:46:06.489531,2.65,False
948,6,2025-11-17T13:46:12.491683,2025-11-17T13:46:12.491683,0.00,False
948,6,2025-11-17T13:46:16.592080,2025-11-17T13:46:20.369894,3.78,False
966,,2025-11-17T13:46:40.981092,2025-11-17T13:46:42.164306,1.18,False
918,22,2025-11-17T13:43:12.580910,2025-11-17T13:46:44.162781,211.58,False
948,6,2025-11-17T13:46:44.162781,2025-11-17T13:46:45.152914,0.99,False
910,20,2025-11-17T13:45:31.002456,2025-11-17T13:46:53.608295,82.61,False
948,6,2025-11-17T13:46:54.644784,2025-11-17T13:46:54.644784,0.00,False
943,16,2025-11-17T13:44:15.317318,2025-11-17T13:47:02.893559,167.58,False
948,6,2025-11-17T13:47:11.514301,2025-11-17T13:47:13.834315,2.32,False
955,23,2025-11-17T13:47:16.070774,2025-11-17T13:47:17.316056,1.25,False
966,16,2025-11-17T13:46:55.649666,2025-11-17T13:47:19.599320,23.95,False
910,20,2025-11-17T13:46:58.783201,2025-11-17T13:47:23.750141,24.97,False
966,6,2025-11-17T13:47:23.750141,2025-11-17T13:47:40.194646,16.44,False
966,6,2025-11-17T13:47:53.215952,2025-11-17T13:47:54.415328,1.20,False
910,20,2025-11-17T13:47:41.133588,2025-11-17T13:48:13.243684,32.11,False
966,6,2025-11-17T13:48:15.112877,2025-11-17T13:48:19.934432,4.82,False
979,20,2025-11-17T13:48:19.934432,2025-11-17T13:48:23.891234,3.96,False
892,8,2025-11-17T13:43:13.585472,2025-11-17T13:48:29.145303,315.56,False
943,16,2025-11-17T13:47:14.937808,2025-11-17T13:48:34.001504,79.06,False
892,8,2025-11-17T13:48:34.001504,2025-11-17T13:48:39.375417,5.37,False
892,8,2025-11-17T13:48:43.461306,2025-11-17T13:48:44.658693,1.20,False
983,4,2025-11-17T13:48:30.964789,2025-11-17T13:49:14.406961,43.44,False
892,8,2025-11-17T13:48:49.965484,2025-11-17T13:49:16.563033,26.60,False
991,4,2025-11-17T13:49:16.563033,2025-11-17T13:49:24.351705,7.79,False
996,,2025-11-17T13:49:40.135991,2025-11-17T13:49:40.135991,0.00,False
985,6,2025-11-17T13:48:38.192893,2025-11-17T13:49:43.556900,65.36,False
996,4,2025-11-17T13:49:44.625401,2025-11-17T13:49:59.129829,14.50,False
985,6,2025-11-17T13:50:01.385087,2025-11-17T13:50:35.787265,34.40,False
1006,,2025-11-17T13:50:40.039356,2025-11-17T13:50:42.713573,2.67,False
991,2,2025-11-17T13:49:45.600747,2025-11-17T13:50:47.248511,61.65,False
910,20,2025-11-17T13:48:24.977668,2025-11-17T13:51:00.159868,155.18,False
1011,16,2025-11-17T13:51:07.368054,2025-11-17T13:51:08.591263,1.22,False
892,8,2025-11-17T13:49:23.139177,2025-11-17T13:51:17.377859,114.24,False
1011,16,2025-11-17T13:51:17.377859,2025-11-17T13:51:30.279127,12.90,False
991,2,2025-11-17T13:50:57.758202,2025-11-17T13:51:42.478764,44.72,False
1011,16,2025-11-17T13:51:35.799555,2025-11-17T13:51:44.635180,8.84,False
991,2,2025-11-17T13:51:46.631359,2025-11-17T13:51:46.631359,0.00,False
1011,16,2025-11-17T13:51:48.612476,2025-11-17T13:51:53.421157,4.81,False
1011,16,2025-11-17T13:51:58.914850,2025-11-17T13:51:59.997075,1.08,False
1011,16,2025-11-17T13:52:06.086893,2025-11-17T13:52:06.086893,0.00,False
918,22,2025-11-17T13:46:50.324210,2025-11-17T13:52:08.071320,317.75,False
955,23,2025-11-17T13:52:13.887143,2025-11-17T13:52:13.887143,0.00,False
892,8,2025-11-17T13:51:25.448390,2025-11-17T13:52:15.329371,49.88,False
991,20,2025-11-17T13:51:51.581841,2025-11-17T13:52:17.277470,25.70,False
1011,16,2025-11-17T13:52:13.887143,2025-11-17T13:52:19.321722,5.43,False
892,8,2025-11-17T13:52:20.150473,2025-11-17T13:52:33.500122,13.35,False
1017,23,2025-11-17T13:52:33.500122,2025-11-17T13:52:33.500122,0.00,False
991,20,2025-11-17T13:52:42.004547,2025-11-17T13:52:42.004547,0.00,False
892,8,2025-11-17T13:52:42.975813,2025-11-17T13:52:42.975813,0.00,False
892,8,2025-11-17T13:53:15.787386,2025-11-17T13:53:15.787386,0.00,False
1012,2,2025-11-17T13:52:10.980903,2025-11-17T13:53:32.159957,81.18,False
1025,2,2025-11-17T13:53:34.233602,2025-11-17T13:53:56.367496,22.13,False
754,18,2025-11-17T13:42:44.343345,2025-11-17T13:54:05.348898,681.01,False
1033,20,2025-11-17T13:54:04.262433,2025-11-17T13:54:05.348898,1.09,False
1035,20,2025-11-17T13:54:06.466560,2025-11-17T13:54:06.466560,0.00,False
1012,,2025-11-17T13:54:08.795378,2025-11-17T13:54:12.281473,3.49,False
912,24,2025-11-17T13:43:16.476737,2025-11-17T13:54:16.006910,659.53,False
1011,16,2025-11-17T13:52:24.443466,2025-11-17T13:54:20.750603,116.31,False
1046,8,2025-11-17T13:54:18.292894,2025-11-17T13:54:22.220934,3.93,False
912,24,2025-11-17T13:54:20.750603,2025-11-17T13:54:24.721030,3.97,False
1025,2,2025-11-17T13:54:03.145891,2025-11-17T13:54:24.721030,21.58,False
1011,,2025-11-17T13:54:25.949229,2025-11-17T13:54:25.949229,0.00,False
912,24,2025-11-17T13:54:38.996440,2025-11-17T13:54:38.996440,0.00,False
1025,2,2025-11-17T13:54:31.459275,2025-11-17T13:54:38.996440,7.54,False
1048,16,2025-11-17T13:54:19.505057,2025-11-17T13:54:40.239422,20.73,False
985,6,2025-11-17T13:50:40.039356,2025-11-17T13:54:41.498288,241.46,False
1038,13,2025-11-17T13:54:08.795378,2025-11-17T13:54:41.498288,32.70,False
1011,16,2025-11-17T13:54:38.996440,2025-11-17T13:54:43.623691,4.63,False
1050,8,2025-11-17T13:54:27.020755,2025-11-17T13:54:45.653325,18.63,False
985,,2025-11-17T13:54:47.713248,2025-11-17T13:54:47.713248,0.00,False
1050,8,2025-11-17T13:54:49.761588,2025-11-17T13:54:49.761588,0.00,False
1042,18,2025-11-17T13:54:12.281473,2025-11-17T13:54:54.117360,41.84,False
985,4,2025-11-17T13:54:51.771896,2025-11-17T13:54:57.470768,5.70,False
1011,16,2025-11-17T13:54:58.682609,2025-11-17T13:54:58.682609,0.00,False
1038,13,2025-11-17T13:54:46.691708,2025-11-17T13:54:58.682609,11.99,False
1025,,2025-11-17T13:54:58.682609,2025-11-17T13:55:09.755632,11.07,False
985,4,2025-11-17T13:55:10.935852,2025-11-17T13:55:13.422201,2.49,False
1063,2,2025-11-17T13:54:57.470768,2025-11-17T13:55:15.547418,18.08,False
1011,16,2025-11-17T13:55:12.109554,2025-11-17T13:55:16.760993,4.65,False
1067,2,2025-11-17T13:55:19.045936,2025-11-17T13:55:20.098958,1.05,False
1011,16,2025-11-17T13:55:21.135531,2025-11-17T13:55:24.436927,3.30,False
1060,3,2025-11-17T13:54:55.284429,2025-11-17T13:55:29.488523,34.20,False
1050,8,2025-11-17T13:55:09.755632,2025-11-17T13:55:30.704320,20.95,False
1067,16,2025-11-17T13:55:25.712960,2025-11-17T13:55:31.889737,6.18,False
1025,3,2025-11-17T13:55:15.547418,2025-11-17T13:55:32.959792,17.41,False
985,4,2025-11-17T13:55:37.327719,2025-11-17T13:55:44.691900,7.36,False
1024,23,2025-11-17T13:55:44.691900,2025-11-17T13:55:44.691900,0.00,False
1011,16,2025-11-17T13:55:34.063334,2025-11-17T13:55:55.592430,21.53,False
1011,16,2025-11-17T13:56:20.136929,2025-11-17T13:56:21.224023,1.09,False
1025,18,2025-11-17T13:55:45.969602,2025-11-17T13:56:21.224023,35.25,False
1038,13,2025-11-17T13:55:32.959792,2025-11-17T13:56:22.335756,49.38,False
918,22,2025-11-17T13:52:21.108806,2025-11-17T13:56:26.168668,245.06,False
1068,3,2025-11-17T13:55:26.799036,2025-11-17T13:56:26.168668,59.37,False
732,15,2025-11-17T13:27:42.551628,2025-11-17T13:56:27.061659,1724.51,False
1025,18,2025-11-17T13:56:25.050945,2025-11-17T13:56:27.061659,2.01,False
1011,16,2025-11-17T13:56:25.050945,2025-11-17T13:56:28.980046,3.93,False
1085,22,2025-11-17T13:56:26.168668,2025-11-17T13:56:30.023316,3.85,False
1106,16,2025-11-17T13:56:30.023316,2025-11-17T13:56:30.023316,0.00,False
754,6,2025-11-17T13:54:40.239422,2025-11-17T13:56:31.886409,111.65,False
1114,3,2025-11-17T13:56:31.110761,2025-11-17T13:56:31.110761,0.00,False
1082,5,2025-11-17T13:56:25.050945,2025-11-17T13:56:39.951965,14.90,False
754,6,2025-11-17T13:56:42.406983,2025-11-17T13:56:42.406983,0.00,False
2162068881408,18,2025-11-17T14:34:50.932280,2025-11-17T14:34:50.932280,0.00,False
0,,2025-11-17T14:34:50.932280,2025-11-17T14:34:50.932280,0.00,False
17,,2025-11-17T14:34:53.027133,2025-11-17T14:34:53.027133,0.00,False
12,16,2025-11-17T14:34:52.416021,2025-11-17T14:34:56.937322,4.52,False
18,13,2025-11-17T14:34:53.027133,2025-11-17T14:34:56.937322,3.91,False
14,2,2025-11-17T14:34:52.416021,2025-11-17T14:35:00.657353,8.24,False
18,13,2025-11-17T14:35:00.657353,2025-11-17T14:35:01.231023,0.57,False
